index;track_name;artist_name;second_artist_name;album_name;artist;artist_popularity;followers;second_artist_followers;top genre;genres;Productora;colab;explicit;release_date;popularity;duration_s;bpm;nrgy;dnce;dB;live;val;dur;acous;spch;pop;duration;tempo;key;avg_rms;avg_flatness;num_onsets;onset_density
0;GRAN VÍA;Quevedo, Aitana;Aitana;BUENAS NOCHES;Quevedo;83;5754626;3247796;reggaetón;reggaeton;DQE PRODUCTIONS;TRUE;FALSE;45618;79;213528;160;83;64;-5;36;72;214;16;6;79;2,14E+16;1615;5;2,98E+15;2,57E+16;819;3,84E+15
1;SHIBATTO;Quevedo;;BUENAS NOCHES;Quevedo;83;5754626;;reggaetón;reggaeton;DQE PRODUCTIONS;FALSE;FALSE;45618;72;138226;100;74;65;-4;28;40;138;16;10;72;1,40E+16;9938;8;2,76E+15;4,08E+16;517;3,70E+14
2;Si Antes Te Hubiera Conocido;KAROL G;;Si Antes Te Hubiera Conocido;KAROL G;88;55739134;;reggaetón;reggaeton, latin, urbano latino;UNIVERSAL;FALSE;FALSE;45464;92;195824;128;67;92;-7;7;79;196;45;5;92;2,75E+15;1292;3;2,45E+16;1,77E+16;1093;3,98E+16
3;KASSANDRA;Quevedo;;BUENAS NOCHES;Quevedo;83;5754626;;reggaetón;reggaeton;DQE PRODUCTIONS;FALSE;FALSE;45618;72;183172;118;63;65;-6;12;45;183;41;7;72;2,09E+16;11745;5;2,55E+15;3,57E+15;498;2,38E+16
4;DEGENERE ?? (feat. benny blanco);Myke Towers, benny blanco;benny blanco;DEGENERE ?? (feat. benny blanco);Myke Towers;88;19368755;1406516;reggaetón;reggaeton, trap latino, urbano latino;ONE WORLD MUSIC;TRUE;TRUE;45581;76;13088;194;71;74;-6;8;71;131;5;28;76;1,33E+15;19877;9;2,70E+16;4,08E+15;530;3,99E+15
5;Qué Pasaría...;Rauw Alejandro, Bad Bunny;Bad Bunny;Qué Pasaría...;Rauw Alejandro;91;27509392;93568573;reggaetón;reggaeton, urbano latino, trap latino, latin;SONY MUSIC;TRUE;TRUE;45610;74;191018;105;78;79;-4;11;33;191;44;13;74;1,90E+15;10336;6;2,62E+16;2,66E+15;760;3,99E+15
6;IA;Clarent, Mora;Mora;IA;Clarent;69;244214;7086795;urbano latino;;BALLER INC.;TRUE;TRUE;45582;77;2400;112;63;71;-6;23;29;171;66;4;77;2,40E+16;11235;0;2,62E+15;1,46E+15;683;2,84E+15
7;MR. MOONDIAL;Quevedo, Pitbull;Pitbull;BUENAS NOCHES;Quevedo;83;5754626;11470108;reggaetón;reggaeton;DQE PRODUCTIONS;TRUE;FALSE;45618;76;165762;124;80;68;-5;19;88;166;7;3;76;1,70E+16;12305;1;3,49E+15;5,55E+15;613;3,60E+16
8;Se Pone Las Nike;Cano;;Triana;Cano;67;564169;;flamenco;flamenco urbano, flamenco;RABAT MUSIC SL;FALSE;FALSE;45589;74;159375;128;72;69;-5;9;65;159;45;4;74;1,59E+16;1292;2;3,30E+16;1,57E+16;444;2,79E+16
9;IGUALES;Quevedo;;BUENAS NOCHES;Quevedo;83;5754626;;reggaetón;reggaeton;DQE PRODUCTIONS;FALSE;FALSE;45618;69;183316;140;59;57;-5;9;49;183;3;4;69;1,78E+15;14355;1;2,81E+15;3,05E+16;672;3,77E+16
10;Khé?;Rauw Alejandro, Romeo Santos;Romeo Santos;Cosa Nuestra;Rauw Alejandro;91;27509392;24933625;reggaetón;reggaeton, urbano latino, trap latino, latin;SONY MUSIC;TRUE;FALSE;45611;89;206066;156;63;69;-5;9;47;206;33;18;88;2,06E+15;10336;11;2,69E+16;1,44E+16;719;3,49E+16
11;HALO;Quevedo, La Pantera;La Pantera;HALO;Quevedo;83;5754626;87221;reggaetón;reggaeton;DQE PRODUCTIONS;TRUE;FALSE;45616;69;181261;100;79;83;-5;10;62;181;28;7;69;1,85E+16;9938;4;3,02E+16;5,73E+15;892;4,82E+15
12;Q U E V A S H A C E R H O Y ?;Omar Courtz, De La Rose;De La Rose;PRIMERA MUSA;Omar Courtz;83;882754;743757;;;MR. 305 RECORDS;TRUE;TRUE;45555;86;224022;155;68;56;-6;11;39;223;10;24;86;2,39E+16;11745;1;3,26E+16;8,37E+15;804;3,37E+16
13;Duro De Verdad pt.2;Los Sufridos, Bad Gyal;Bad Gyal;Duro De Verdad pt.2;Los Sufridos;55;8205;2017734;;;LAX MUSIC, LLC / UNIVERSAL;TRUE;FALSE;45547;72;204303;158;74;74;-6;6;91;204;8;5;72;2,17E+16;1615;11;1,81E+16;2,09E+16;902;4,16E+15
14;Soltera;Shakira;;Soltera;Shakira;88;37340332;;pop latino;latin pop, latin;SONY MUSIC;FALSE;FALSE;45560;84;214642;100;75;84;-5;95;67;215;17;11;84;2,49E+16;1360;9;2,30E+16;3,03E+15;1009;4,05E+15
15;Yo sé;Yan Block, TORRRES;TORRRES;Yo sé;Yan Block;79;576188;43062;;;SONAR LLC;TRUE;TRUE;45435;82;129705;136;46;72;-10;13;63;130;68;13;82;1,27E+16;1360;0;2,04E+16;1,39E+16;300;2,36E+15
16;LOS DÍAS CONTADOS;Quevedo, Rels B;Rels B;BUENAS NOCHES;Quevedo;83;5754626;9273481;reggaetón;reggaeton;DQE PRODUCTIONS;TRUE;FALSE;45618;71;161943;110;53;76;-7;12;27;162;30;5;71;1,63E+16;10767;4;2,25E+16;4,15E+16;493;3,03E+13
17;2AM;Sebastian Yatra, Bad Gyal;Bad Gyal;2AM;Sebastian Yatra;81;23780003;2017734;tropipop;colombian pop, reggaeton, latin;UNIVERSAL;TRUE;FALSE;45618;72;196426;112;75;73;-5;44;72;196;11;9;72;2,39E+14;11235;4;2,05E+16;2,61E+16;789;3,30E+16
18;PERREITO PA LLORAR;Lola Indigo, Paulo Londra;Paulo Londra;PERREITO PA LLORAR;Lola Indigo;70;1502269;25243758;trap latino;;UNIVERSAL;TRUE;FALSE;45624;66;213095;196;77;54;-4;16;32;213;41;19;66;2,10E+15;1292;4;2,75E+15;2,14E+16;693;3,30E+16
19;STAR;JC Reyes;;KM 33;JC Reyes;77;1190886;;;flamenco urbano;JC REYES;FALSE;FALSE;45583;71;1560;113;62;69;-5;45;8;156;36;7;71;1,56E+16;11235;9;2,98E+16;1,16E+14;633;4,06E+15
20;Cosas Pendientes;Maluma;;Cosas Pendientes;Maluma;87;36430720;;reggaetón;reggaeton, latin, urbano latino;PARIS LG LTD;FALSE;FALSE;45617;82;184462;82;67;84;-3;19;78;184;26;6;82;2,70E+16;1615;10;1,97E+16;1,87E+15;733;2,71E+16
21;Imagínate;Danny Ocean, Kapo;Kapo;Imagínate;Danny Ocean;81;5994412;603102;reggaetón;reggaeton;WARNER MUSIC;TRUE;FALSE;45603;88;170365;102;74;78;-5;10;45;170;13;11;88;1,75E+15;1360;11;1,64E+15;3,90E+15;611;3,49E+16
22;Se Fue;Rauw Alejandro, Laura Pausini;Laura Pausini;Se Fue;Rauw Alejandro;91;27509392;2743122;reggaetón;reggaeton, urbano latino, trap latino, latin;SONY MUSIC;TRUE;FALSE;45610;67;241087;120;61;77;-4;11;10;241;35;4;67;2,40E+16;11745;5;3,09E+15;2,44E+16;824;3,43E+15
23;CHAPIADORA.COM;Quevedo;;BUENAS NOCHES;Quevedo;83;5754626;;reggaetón;reggaeton;DQE PRODUCTIONS;FALSE;FALSE;45618;71;197418;132;80;76;-4;9;59;197;7;4;71;2,01E+16;1292;4;2,64E+16;5,35E+15;728;3,62E+15
24;DURO;Quevedo;;DURO;Quevedo;83;5754626;;reggaetón;reggaeton;DQE PRODUCTIONS;FALSE;FALSE;45596;57;162204;104;72;71;-5;37;70;162;22;4;57;1,93E+16;10336;11;2,14E+15;1,51E+16;593;3,08E+16
25;Ohnana;Kapo;;Ohnana;Kapo;81;585186;;afrobeat latino;latin afrobeat;SONY MUSIC;FALSE;FALSE;45449;82;156577;105;58;78;-4;10;66;157;62;11;82;1,56E+15;14355;3;2,66E+16;1,82E+16;558;3,57E+15
26;Luna llena;Beny Jr;;Anti Social Cool Kid;Beny Jr;76;1771110;;drill;drill;LF BABYS;FALSE;FALSE;45337;73;169846;62;60;67;-5;9;74;170;62;25;73;1,70E+16;9938;6;3,22E+16;1,49E+16;617;3,63E+15
27;Ma Meilleure Ennemie (from the series Arcane League of Legends);Stromae, Pomme, Arcane;Pomme;Ma Meilleure Ennemie (from the series Arcane League of Legends);Stromae;77;3693326;751140;pop francés;french pop;RIOT GAMES;TRUE;FALSE;45619;83;147973;88;60;68;-8;28;37;148;0;10;83;1,70E+16;9938;6;3,22E+16;1,49E+16;617;3,63E+15
28;AMANECIÓ;Quevedo, De La Rose, De La Ghetto;De La Rose;BUENAS NOCHES;Quevedo;83;5754626;743757;reggaetón;reggaeton;DQE PRODUCTIONS;TRUE;FALSE;45618;72;255333;192;73;59;-5;18;66;255;11;22;71;2,55E+16;957;2;2,88E+15;3,00E+16;1135;4,44E+15
29;57;KAROL G, Feid, DFZM, Ovy On The Drums, J Balvin, Maluma, Ryan Castro, Blessd;Feid;57;KAROL G;88;55739134;16810752;reggaetón;reggaeton, latin, urbano latino;UNIVERSAL;TRUE;TRUE;45604;84;29813;92;71;85;-4;11;69;298;22;10;84;3,02E+14;9229;4;2,94E+15;3,78E+15;1095;3,63E+16
30;APT.;ROSÉ, Bruno Mars;Bruno Mars;APT.;ROSÉ;86;10804480;70257982;k-pop;k-pop;WARNER MUSIC;TRUE;FALSE;45583;95;169917;149;78;78;-4;36;94;170;3;26;95;1,73E+16;1520;10;2,74E+15;5,90E+14;633;3,65E+15
31;Die With A Smile;Lady Gaga, Bruno Mars;Bruno Mars;Die With A Smile;Lady Gaga;94;36198112;70257982;art pop;art pop, pop;UNIVERSAL/WARNER MUSIC;TRUE;FALSE;45520;100;251667;158;59;52;-8;12;54;252;31;3;100;2,52E+16;1615;1;1,62E+15;2,43E+16;682;2,70E+15
32;UWAIE;Kapo;;UWAIE;Kapo;81;585186;;afrobeat latino;latin afrobeat;SONY MUSIC;FALSE;FALSE;45519;85;172427;103;78;71;-5;10;45;172;14;4;85;1,72E+16;1360;2;2,41E+15;2,83E+16;605;3,53E+14
33;Me has invitado a bailar;Dani Fernández;;Me has invitado a bailar;Dani Fernández;68;314627;;;;WARNER MUSIC;FALSE;FALSE;45527;69;192906;164;54;67;-4;8;63;193;1;12;69;2,27E+15;8335;10;1,22E+16;2,60E+16;374;1,65E+16
34;Qué Pecao;Manuel Turizo, Kapo;Kapo;Qué Pecao;Manuel Turizo;83;14869067;603102;reggaetón;reggaeton, latin, colombian pop;LA INDUSTRIA/SONY MUSIC;TRUE;FALSE;45568;72;230073;120;62;84;-8;13;88;231;51;5;72;2,52E+16;11745;4;2,54E+16;3,26E+15;948;3,76E+14
35;Nueva Era;Duki, Myke Towers;Myke Towers;AMERI;Duki;83;12347338;19494913;trap;argentine trap, trap, trap latino;DALE PLAY RECORDS/SSJ RECORDS;TRUE;TRUE;45596;79;217547;101;72;56;-3;22;68;247;27;12;79;2,18E+16;1360;2;3,51E+15;2,97E+16;879;4,04E+15
36;14 FEBREROS;Quevedo, Sin Nombre;Sin Nombre;14 FEBREROS;Quevedo;83;5754626;24238;reggaetón;reggaeton;DQE PRODUCTIONS;TRUE;TRUE;45616;47;172422;90;56;58;-6;25;36;172;21;7;47;1,76E+16;891;11;2,61E+16;4,43E+16;410;2,33E+16
37;LA REINA;Lola Indigo;;LA REINA;Lola Indigo;70;1502269;;;;UNIVERSAL;FALSE;FALSE;45456;70;1500;128;73;72;-4;36;71;150;1;9;70;1,52E+16;1292;1;2,59E+16;5,04E+16;669;4,39E+15
38;LUNA;Feid, ATL Jacob;ATL Jacob;FERXXOCALIPSIS;Feid;90;16698752;110700;reggaetón;reggaeton, urbano latino;UNIVERSAL;TRUE;FALSE;45261;89;1968;100;86;77;-3;12;45;197;13;13;89;1,97E+16;9938;10;2,57E+16;2,68E+16;854;4,34E+15
39;POR ATRÁS;Quevedo;;BUENAS NOCHES;Quevedo;83;5754626;;reggaetón;reggaeton;DQE PRODUCTIONS;FALSE;FALSE;45618;65;171685;160;80;67;-4;11;77;172;13;6;64;1,76E+15;10767;2;2,71E+16;6,01E+15;588;3,34E+15
40;BUENAS NOCHES;Quevedo;;BUENAS NOCHES;Quevedo;83;5754626;;reggaetón;reggaeton;DQE PRODUCTIONS;FALSE;FALSE;45618;66;238883;104;73;68;-5;9;28;239;11;10;66;2,44E+16;10336;0;2,93E+16;4,27E+14;886;3,63E+15
41;ESTOY PUTIAO;Feid, Sky Rompiendo, Dei V;Sky Rompiendo;LOS 9 DE FERXXO Y SKY ROMPIENDO;Feid;90;16698752;358931;reggaetón;reggaeton, urbano latino;GOOD KIDZ/BLACK KOI ENTERTAINMENT;TRUE;TRUE;45625;72;223039;98;71;82;-4;10;48;223;5;10;72;2,23E+16;1292;11;3,22E+15;3,14E+15;621;2,78E+16
42;All I Want for Christmas Is You;Mariah Carey;;Merry Christmas;Mariah Carey;79;11242932;;;christmas;SONY MUSIC;FALSE;FALSE;34635;74;241106;150;63;34;-7;7;35;241;16;4;74;2,35E+16;1520;7;1,40E+16;3,22E+15;601;2,56E+16
43;Potra Salvaje;Isabel Aaiún;;Potra Salvaje;Isabel Aaiún;56;68754;;flamenco pop;flamenco;AHORALUEGO, S.L.;FALSE;FALSE;44531;58;199624;133;81;68;-3;10;71;200;39;4;58;2,07E+15;1360;9;2,59E+15;3,80E+15;495;2,40E+16
44;LA 125;Quevedo, Yung Beef;Yung Beef;LA 125;Quevedo;83;5754626;615112;reggaetón;reggaeton;DQE PRODUCTIONS;TRUE;FALSE;45616;42;194286;100;58;74;-6;10;83;194;36;23;42;1,99E+15;9938;10;2,02E+16;5,70E+15;721;3,63E+16
45;Santa;Rvssian, Rauw Alejandro, Ayra Starr;Rauw Alejandro;Santa;Rvssian;73;2519732;27695008;trap latino;trap latino;SONY MUSIC;TRUE;FALSE;45386;77;193038;100;71;73;-5;11;65;193;32;13;77;1,98E+16;1360;10;2,68E+16;1,22E+16;864;4,36E+15
46;El Último Día de Nuestras Vidas;Dani Martín;;El Último Día de Nuestras Vidas;Dani Martín;64;973542;;;;SONY MUSIC;FALSE;FALSE;45625;60;226626;75;74;52;-6;9;50;227;1;15;59;2,35E+16;1520;2;1,93E+16;2,32E+15;393;1,67E+16
47;Hm Hm Hm - Remix;Rvfv, Youka, Wesh Music;Youka;Hm Hm Hm (Remix);Rvfv;74;861386;49484;flamenco;flamenco urbano, flamenco;NASTU MUSIC;TRUE;FALSE;45625;67;181052;170;76;45;-4;50;77;181;25;31;67;1,81E+16;1520;7;2,91E+15;2,24E+16;766;4,23E+15
48;Me Vuelves Puto Loco;Dani Martín;;El Último Día de Nuestras Vidas;Dani Martín;64;973542;;;;SONY MUSIC;FALSE;FALSE;45625;59;179158;91;84;58;-3;8;88;179;1;8;59;2,31E+16;9229;8;2,26E+16;1,74E+16;336;1,45E+16
49;TE FALLÉ;Quevedo, Sech;Sech;BUENAS NOCHES;Quevedo;83;5754626;12083107;reggaetón;reggaeton;DQE PRODUCTIONS;TRUE;FALSE;45618;65;21946;69;51;52;-6;37;68;219;22;15;65;2,19E+15;1520;8;2,56E+15;2,26E+15;695;3,17E+16
50;NOEMÚ;Quevedo;;BUENAS NOCHES;Quevedo;83;5754626;;reggaetón;reggaeton;DQE PRODUCTIONS;FALSE;FALSE;45618;64;20691;88;77;59;-6;8;36;207;11;13;64;2,13E+16;891;1;2,49E+16;5,79E+15;471;2,21E+15
51;PELIGROSA;FloyyMenor;;PELIGROSA;FloyyMenor;81;1606067;;reggaetón chileno;reggaeton chileno;FLOYYMENOR;FALSE;TRUE;45485;80;13493;100;44;78;-9;7;84;137;32;6;80;1,37E+15;9938;11;2,17E+16;2,26E+14;500;3,66E+16
52;RAPAPA;JC Reyes;;KM 33;JC Reyes;77;1190886;;;flamenco urbano;JC REYES;FALSE;FALSE;45583;64;120888;135;77;84;-5;7;82;121;57;6;64;1,21E+16;1360;6;2,49E+16;8,96E+14;502;4,15E+15
53;DEPORTIVO;Blessd, Anuel AA, Ovy On The Drums;Anuel AA;DEPORTIVO;Blessd;83;6911980;41467306;reggaetón;reggaeton, urbano latino;CIGOL MUSIC GROUP;TRUE;TRUE;45610;85;218701;90;76;82;-3;8;78;219;53;6;85;2,18E+16;18457;2;2,88E+15;1,52E+16;784;3,59E+16
54;TAMBIÉN;Myke Towers;;LA PANTERA NEGRA;Myke Towers;88;19368755;;reggaetón;reggaeton, trap latino, urbano latino;ONE WORLD MUSIC;FALSE;TRUE;45526;74;139546;120;64;63;-7;11;93;140;29;21;74;1,40E+16;1615;4;2,18E+16;3,32E+16;719;5,15E+14
55;FRIKI;Gonzy;;FRIKI;Gonzy;62;134631;;;;VISONARE RECORDINGS, LLC;FALSE;TRUE;45400;64;189066;160;66;69;-5;17;63;189;6;10;64;1,92E+15;8075;7;2,85E+15;2,90E+16;679;3,54E+15
56;El Fin del Mundo;La La Love You, Axolotes Mexicanos;Axolotes Mexicanos;El Fin del Mundo;La La Love You;64;167915;35659;;;SUBTERFUGE;TRUE;FALSE;43798;63;188093;127;87;60;-5;9;68;188;0;5;63;1,94E+16;1292;11;1,92E+14;4,21E+15;705;3,63E+16
57;La Bachata;Manuel Turizo;;La Bachata;Manuel Turizo;83;14869067;;reggaetón;reggaeton, latin, colombian pop;SONY MUSIC;FALSE;FALSE;44707;79;162637;125;68;84;-5;22;85;163;58;4;78;1,94E+16;12305;2;2,17E+16;7,01E+14;717;3,69E+16
58;Vacile;Yan Block;;Vacile;Yan Block;79;576188;;;;SONAR LLC;FALSE;TRUE;44834;77;140239;120;53;82;-14;11;76;140;90;42;76;1,40E+16;11745;8;2,35E+16;5,63E+15;677;4,83E+15
59;Celine (with Kidd Keo);Ghost Killer Track, Kidd Keo;Kidd Keo;Celine (with Kidd Keo);Ghost Killer Track;56;40835;2985228;trap;;DBT EMPIRE;TRUE;FALSE;45114;70;176017;146;50;78;-8;11;52;176;42;22;70;1,74E+15;14355;3;2,77E+16;1,24E+15;743;4,26E+15
60;Lose Control;Teddy Swims;;Lose Control;Teddy Swims;87;4410136;;;;WARNER MUSIC;FALSE;FALSE;45100;83;210688;160;60;56;-4;10;24;211;20;3;83;2,11E+16;1615;1;2,95E+15;1,53E+16;428;2,03E+16
61;Last Christmas;Wham!;;LAST CHRISTMAS;Wham!;69;2975863;;;christmas;SONY MUSIC;FALSE;FALSE;31015;74;26296;108;48;74;-12;36;95;263;19;3;75;2,78E+16;10767;9;1,74E+16;6,78E+15;784;2,82E+16
62;EL ESTRIBILLO;Quevedo;;BUENAS NOCHES;Quevedo;83;5754626;;reggaetón;reggaeton;DQE PRODUCTIONS;FALSE;FALSE;45618;62;161444;172;72;67;-5;17;40;161;28;14;62;1,63E+16;11235;7;2,53E+15;2,36E+15;533;3,28E+14
63;Manos Rotas;DELLAFUENTE, Morad;Morad;Manos Rotas;DELLAFUENTE;70;1117391;4060399;flamenco;flamenco urbano, flamenco;MAAS;TRUE;FALSE;45246;73;168594;94;59;73;-6;16;24;169;39;20;73;1,69E+16;957;11;3,55E+16;6,52E+15;652;3,87E+15
64;Tú Con Él;Rauw Alejandro;;Cosa Nuestra;Rauw Alejandro;91;27509392;;reggaetón;reggaeton, urbano latino, trap latino, latin;SONY MUSIC;FALSE;FALSE;45611;82;289131;93;89;74;-5;24;79;289;24;4;82;2,89E+15;12305;11;2,81E+15;1,96E+16;1342;4,64E+16
65;Beautiful Things;Benson Boone;;Beautiful Things;Benson Boone;86;5134225;;;;WARNER MUSIC;FALSE;FALSE;45309;87;180304;105;47;47;-6;14;22;180;15;6;87;1,93E+16;10767;5;1,83E+15;1,63E+15;431;2,24E+15
66;X'CLUSIVO;Gonzy;;X'CLUSIVO;Gonzy;62;134631;;;;VISONARE RECORDINGS, LLC;FALSE;TRUE;45261;53;175586;147;49;81;-6;11;79;176;23;15;53;1,88E+16;14355;1;2,23E+16;9,04E+15;652;3,47E+14
67;That’s So True;Gracie Abrams;;The Secret of Us (Deluxe);Gracie Abrams;89;5076367;;;;UNIVERSAL;FALSE;TRUE;45583;96;1663;109;81;55;-4;16;37;166;21;4;96;1,66E+16;10767;8;3,20E+16;2,44E+16;493;2,96E+15
68;BIRDS OF A FEATHER;Billie Eilish;;HIT ME HARD AND SOFT;Billie Eilish;95;109547419;;;;UNIVERSAL;FALSE;FALSE;45429;98;210373;105;51;75;-10;12;44;210;20;4;98;2,31E+16;10336;2;2,41E+16;9,66E+14;835;3,62E+15
69;CARITA TRISTE;Ana Mena, Emilia;Emilia;CARITA TRISTE;Ana Mena;66;1025547;4440440;;;SONY MUSIC;TRUE;FALSE;45534;70;175296;126;79;68;-3;9;61;175;10;4;70;1,92E+16;12305;6;2,61E+13;5,40E+16;743;3,88E+16
70;BADGYAL;SAIKO, JC Reyes, Dei V;JC Reyes;SAKURA;SAIKO;74;1643193;1204706;trap latino;;SAIKONETA;TRUE;TRUE;45408;73;253962;95;94;60;-1;24;71;254;11;5;73;2,52E+15;1292;2;3,85E+16;2,99E+15;1032;4,10E+13
71;capaz (merengueton);Alleh, Yorghaki;Yorghaki;capaz (merengueton);Alleh;79;182100;106678;;;CONMUER LLC;TRUE;FALSE;45616;85;173858;127;61;87;-6;14;79;174;8;18;85;1,80E+16;1292;10;2,93E+16;5,08E+15;805;4,48E+14
72;Bailando Bachata;Chayanne;;Bailando Bachata;Chayanne;76;8749527;;pop latino;latin pop;SONY MUSIC;FALSE;FALSE;45071;72;170809;130;87;83;-4;10;98;171;17;3;72;1,96E+16;1292;10;2,43E+16;2,31E+16;794;4,06E+15
73;El Merengue;Marshmello, Manuel Turizo;Manuel Turizo;El Merengue;Marshmello;83;34158345;14901856;edm;edm;SONY MUSIC;TRUE;FALSE;44988;75;189668;124;77;78;-3;9;66;190;9;6;75;2,18E+16;12305;11;2,28E+15;3,15E+16;859;3,94E+16
74;Novedades Viernes;Dani Martín;;El Último Día de Nuestras Vidas;Dani Martín;64;973542;;;;SONY MUSIC;FALSE;FALSE;45625;53;188133;92;96;59;-3;35;75;188;0;24;53;1,97E+15;9229;10;2,98E+15;4,42E+15;566;2,87E+16
75;Rapido (with Cris Mj);Dei V, Cris Mj;Cris Mj;Quién es Dei V?;Dei V;82;1818022;5684230;trap latino;trap latino, urbano latino;UNDER WATER MUSIC / ENCORE RECORDINGS;TRUE;TRUE;45457;74;1460;95;80;72;-5;16;60;146;5;5;73;1,45E+16;957;9;2,61E+15;1,54E+16;603;4,15E+15
76;Lo Que Tiene;Morad, Beny Jr, Rvfv;Beny Jr;Lo Que Tiene;Morad;81;4033924;1784075;drill;drill;M.D.L.R.;TRUE;FALSE;45359;76;2592;100;77;76;-5;13;38;259;35;4;76;2,59E+15;9938;0;3,08E+15;1,74E+16;1086;4,19E+13
77;Gata Only;FloyyMenor, Cris Mj;Cris Mj;Gata Only;FloyyMenor;81;1606067;5684230;reggaetón chileno;reggaeton chileno;FLOYYMENOR;TRUE;TRUE;45324;88;2220;100;50;79;-8;9;67;222;45;5;88;2,16E+16;9938;11;2,42E+16;1,09E+16;763;3,54E+16
78;Martini;Dei V;;Martini;Dei V;82;1818022;;trap latino;trap latino, urbano latino;UNDER WATER MUSIC / ENCORE RECORDINGS;FALSE;TRUE;45407;62;164365;105;66;58;-7;12;42;164;63;8;62;1,66E+16;10336;9;2,30E+16;1,59E+14;642;3,88E+15
79;En Otra Vida;Yami Safdie, Lasso;Lasso;En Otra Vida;Yami Safdie;72;477840;991132;;;WARNER MUSIC;TRUE;FALSE;45575;77;153609;185;16;46;-12;14;48;154;93;4;77;1,64E+16;957;0;1,93E+16;7,96E+15;374;2,28E+15
80;LA FALDA;Myke Towers;;LVEU: VIVE LA TUYA...NO LA MIA;Myke Towers;88;19368755;;reggaetón;reggaeton, trap latino, urbano latino;ONE WORLD MUSIC;FALSE;TRUE;45187;80;174229;103;74;80;-4;19;27;174;37;7;80;2,27E+16;10336;11;1,63E+16;1,34E+16;637;2,80E+16
81;Goteras;Omar Montes, JC Reyes;JC Reyes;Goteras;Omar Montes;69;902756;1204706;flamenco;flamenco, flamenco urbano, flamenco pop;SONY MUSIC;TRUE;FALSE;45470;69;21645;96;82;63;-3;16;35;216;41;6;69;2,20E+15;957;6;3,22E+16;3,63E+15;939;4,27E+15
82;Carpe Diem;Dani Martín;;El Último Día de Nuestras Vidas;Dani Martín;64;973542;;;;SONY MUSIC;FALSE;FALSE;45625;53;240016;142;54;62;-5;11;45;240;6;6;53;24576;14355;7;2,26E+15;2,52E+16;323;1,31E+16
83;1000COSAS;Lola Indigo, Manuel Turizo;Manuel Turizo;1000COSAS;Lola Indigo;70;1502269;14901856;reggaetón;;UNIVERSAL;TRUE;FALSE;45358;69;239482;132;74;70;-5;12;33;239;1;4;68;2,41E+15;1292;4;2,94E+16;2,28E+15;1039;4,32E+15
84;Mi Luz (ft. Rels B);Rvfv, Rels B;Rels B;NASTU;Rvfv;74;861386;9273481;flamenco;flamenco urbano, flamenco;NASTU MUSIC;TRUE;FALSE;44589;71;1680;200;52;71;-6;7;67;168;52;33;71;1,68E+16;9938;10;2,35E+16;1,49E+16;674;4,01E+14
85;Algo Sencillito;Marta Santos;;Poquito a Poquito;Marta Santos;66;175770;;flamenco;flamenco, flamenco pop, flamenco urbano;SOUND BLASTER RECORDS;FALSE;FALSE;45204;71;177338;93;67;75;-7;9;65;177;44;14;71;1,78E+15;9229;2;2,22E+14;2,12E+16;822;4,63E+15
86;HAY LUPITA;Lomiiel;;HAY LUPITA;Lomiiel;67;280869;;dembow;dembow;ETE LOMIIEL;FALSE;FALSE;45379;78;105836;145;58;85;-3;11;90;106;0;29;78;1,06E+16;14355;0;2,10E+16;3,78E+15;518;4,89E+15
87;VAGABUNDO;Sebastian Yatra, Manuel Turizo, Beéle;Manuel Turizo;VAGABUNDO;Sebastian Yatra;81;23780003;14901856;tropipop;colombian pop, reggaeton, latin;UNIVERSAL;TRUE;FALSE;45058;81;2156;127;85;82;-3;23;89;216;4;6;81;2,18E+15;1292;2;3,31E+15;4,53E+15;978;4,48E+15
88;SE ME OLVIDA;Maisak, Feid;Feid;SE ME OLVIDA;Maisak;69;161405;16810752;reggaetón;reggaeton;UNIVERSAL;TRUE;TRUE;45527;82;225373;82;71;79;-4;12;69;225;4;6;82;2,28E+16;1615;9;2,50E+15;3,72E+14;826;3,62E+14
89;AMARGURA;KAROL G;;MAÑANA SERÁ BONITO;KAROL G;88;55739134;;reggaetón;reggaeton, latin, urbano latino;UNIVERSAL;FALSE;TRUE;44981;83;17048;107;70;91;-3;17;54;170;16;7;83;1,70E+16;10767;1;2,69E+16;2,01E+16;589;3,47E+16
90;ADIVINO;Myke Towers, Bad Bunny;Bad Bunny;ADIVINO;Myke Towers;88;19368755;93568573;reggaetón;reggaeton, trap latino, urbano latino;ONE WORLD MUSIC;TRUE;TRUE;45407;75;278644;118;85;79;-2;11;52;279;17;7;75;2,77E+16;11745;5;3,06E+15;1,67E+16;940;3,40E+15
91;¿Cómo Pasó?;Ela Taubert;;¿Cómo Pasó?;Ela Taubert;66;332244;;tropipop;colombian pop;UNIVERSAL;FALSE;FALSE;45336;76;174546;120;74;71;-5;10;44;175;3;5;75;1,85E+16;11745;6;2,78E+15;2,78E+16;672;3,62E+14
92;Como Camarón;Estopa;;Estopa;Estopa;70;2272017;;flamenco;flamenco, flamenco pop;SONY MUSIC;FALSE;FALSE;36451;68;202026;140;72;50;-10;30;84;202;22;6;68;2,08E+16;14355;7;9,86E+15;1,39E+16;638;3,07E+15
93;Frente al Mar;Beéle;;Frente al Mar;Beéle;86;1378094;;reggaetón;reggaeton;SONY MUSIC;FALSE;FALSE;45561;83;165178;100;68;75;-4;11;62;165;17;9;82;1,69E+15;1360;0;2,90E+15;3,94E+16;646;3,83E+15
94;Después De La 1;Cris Mj, FloyyMenor, LOUKI;FloyyMenor;MJ;Cris Mj;84;5607577;1639288;reggaetón chileno;reggaeton chileno, chilean trap, chilean mambo, reggaeton;SONAR LLC;TRUE;TRUE;45547;82;1776;100;58;81;-5;9;53;178;3;6;82;1,79E+15;9938;11;1,86E+16;1,36E+15;537;3,01E+13
95;Pégate;Standly;;Pégate;Standly;71;1183777;;reggaetón chileno;reggaeton chileno, chilean trap, chilean mambo, mambo, rkt, reggaeton;STANDLY;FALSE;FALSE;44564;74;186096;98;82;83;-5;9;83;186;31;6;74;1,84E+15;9938;9;2,42E+16;2,62E+16;775;4,22E+15
96;Revolú;Rauw Alejandro, Feid;Feid;Revolú;Rauw Alejandro;91;27509392;16810752;reggaetón;reggaeton, urbano latino, trap latino, latin;SONY MUSIC;TRUE;TRUE;45610;61;215511;196;69;73;-4;10;44;216;6;10;61;2,16E+15;9938;8;2,97E+16;2,18E+15;776;3,60E+16
97;Orgullosa De Papá;Cano, Rvfv;Rvfv;Orgullosa De Papá;Cano;67;564169;865888;flamenco;flamenco urbano, flamenco;RABAT MUSIC SL;TRUE;FALSE;45561;53;174174;103;75;76;-5;10;57;174;40;5;53;1,90E+16;1360;0;2,46E+16;1,04E+16;717;3,77E+16
98;Columbia;Quevedo;;Columbia;Quevedo;83;5754626;;reggaetón;reggaeton;TASTE THE FLOOR RECORDS;FALSE;FALSE;45114;81;1860;100;71;67;-6;11;26;186;37;4;81;2,05E+15;9938;5;2,73E+15;2,33E+15;606;2,95E+16
99;QLONA;KAROL G, Peso Pluma;Peso Pluma;MAÑANA SERÁ BONITO (BICHOTA SEASON);KAROL G;88;55739134;20679819;reggaetón;reggaeton, latin, urbano latino;UNIVERSAL;TRUE;TRUE;45149;72;172797;170;74;84;-7;9;45;173;54;29;72;1,73E+16;17227;10;2,32E+16;1,75E+16;620;3,59E+16
