,track_name,artist_name,album_name,duration_s,release_date,popularity,explicit,track_id,artist_id,genres,Productora,colab,duration,tempo,key,avg_rms,avg_flatness,num_onsets,onset_density
0,GRAN V√çA,"Quevedo, Aitana",BUENAS NOCHES,213.528,2024-11-22,74,False,2kQ1OvmMzs1xdlH020aJJh,52iwsT98xCoGgiGntTiR7K,reggaeton,DQE PRODUCTIONS,True,213.53074829931973,161.5,5,0.2981976270675659,0.025699183344841003,819,3.835513182635202
1,SHIBATTO,Quevedo,BUENAS NOCHES,138.226,2024-11-22,67,False,41VnmHAkCUsCStYdDUibpp,52iwsT98xCoGgiGntTiR7K,reggaeton,DQE PRODUCTIONS,False,139.83061224489796,99.38,8,0.2760489583015442,0.040777623653411865,517,3.69733058948874
2,Si Antes Te Hubiera Conocido,KAROL G,Si Antes Te Hubiera Conocido,195.824,2024-06-21,87,False,6WatFBLVB0x077xWeoVc2k,790FomKkXshlbRYZFtlgla,"reggaeton, latin, urbano latino",UNIVERSAL,False,274.7965986394558,129.2,3,0.24546587467193604,0.017669692635536194,1093,3.9774873685174685
3,KASSANDRA,Quevedo,BUENAS NOCHES,183.172,2024-11-22,68,False,6mP16Mr2X3ZU2bNmWBUqzK,52iwsT98xCoGgiGntTiR7K,reggaeton,DQE PRODUCTIONS,False,209.13056689342403,117.45,5,0.2552361488342285,0.03569061681628227,498,2.3812874769941597
4,DEGENERE üëë (feat. benny blanco),"Myke Towers, benny blanco",DEGENERE üëë (feat. benny blanco),130.88,2024-10-16,72,True,4xISUrw0t2elabEhKrtAJ0,7iK8PXO48WeuP03g8YR51W,"reggaeton, trap latino, urbano latino",ONE WORLD MUSIC,True,132.7485260770975,198.77,9,0.26994702219963074,0.04084450751543045,530,3.992511372157815
5,Qu√© Pasar√≠a...,"Rauw Alejandro, Bad Bunny",Qu√© Pasar√≠a...,191.018,2024-11-14,69,True,0OxKf18dUo2G5dFOQYCvBN,1mcTU81TzQhprhouKaTkpq,"reggaeton, urbano latino, trap latino, latin",SONY MUSIC,True,190.4849433106576,103.36,6,0.26197078824043274,0.02657804638147354,760,3.989816658424982
6,IA,"Clarent, Mora",IA,240.0,2024-10-17,74,True,7lcbpfihslisNObKdHjyLo,78F6Xkd46aMHkr4AP60TXY,,BALLER INC.,True,240.47750566893424,112.35,0,0.2619222402572632,0.01462826132774353,683,2.840182486507853
7,MR. MOONDIAL,"Quevedo, Pitbull",BUENAS NOCHES,165.762,2024-11-22,70,False,67LKV40NfSSGIJnm0xz6fi,52iwsT98xCoGgiGntTiR7K,reggaeton,DQE PRODUCTIONS,True,170.36485260770976,123.05,1,0.3492657244205475,0.05545905977487564,613,3.5981600113934475
8,Se Pone Las Nike,Cano,Triana,159.375,2024-10-24,70,False,6aO53Wsz32bgMBytw6pIYm,60ZOYUFnCYEeKYsxgvPxOS,"flamenco urbano, flamenco",RABAT MUSIC SL,False,159.37020408163266,129.2,2,0.33007171750068665,0.015687117353081703,444,2.7859661883382802
9,IGUALES,Quevedo,BUENAS NOCHES,183.316,2024-11-22,65,False,1gKnoWS17Nf8ZxEev7d3vd,52iwsT98xCoGgiGntTiR7K,reggaeton,DQE PRODUCTIONS,False,178.4453968253968,143.55,1,0.2813870310783386,0.030467532575130463,672,3.7658578587910045
10,Kh√©?,"Rauw Alejandro, Romeo Santos",Cosa Nuestra,206.066,2024-11-15,84,False,1YYfyJ2yCvGFCxwjsIqEK9,1mcTU81TzQhprhouKaTkpq,"reggaeton, urbano latino, trap latino, latin",SONY MUSIC,True,206.1235827664399,103.36,11,0.26858532428741455,0.014422263950109482,719,3.4881986347709857
11,HALO,"Quevedo, La Pantera",HALO,181.261,2024-11-20,64,False,5ufdUMpR5urDWj8LbsomJi,52iwsT98xCoGgiGntTiR7K,reggaeton,DQE PRODUCTIONS,True,185.01700680272108,99.38,4,0.30242565274238586,0.05730000138282776,892,4.821178417133928
12,Q U E V A S H A C E R H O Y ?,"Omar Courtz, De La Rose",PRIMERA MUSA,224.022,2024-09-20,81,True,0Sr7ssScx54yxdM2ols7nW,3E12tRURRvPfHz0hAMCFYc,,DQE PRODUCTIONS,True,238.75922902494332,117.45,1,0.32625389099121094,0.08368758857250214,804,3.3674090977903335
13,Duro De Verdad pt.2,"Los Sufridos, Bad Gyal",Duro De Verdad pt.2,204.303,2024-09-12,68,False,0glj70T9fN3kyJzYmTKzy1,2tmrdVbpFzIVIOcqxvErj2,,MR. 305 RECORDS,True,216.82798185941044,161.5,11,0.18091332912445068,0.020916355773806572,902,4.159979686500286
14,Soltera,Shakira,Soltera,214.642,2024-09-25,79,False,3OJDtCdYs8QJnui708tEU3,0EmeFodog0BfCgMzAIvKQp,"latin pop, latin","LAX MUSIC, LLC / UNIVERSAL",False,248.91795918367347,136.0,9,0.22968393564224243,0.03027631901204586,1009,4.053544401974915
15,Yo s√©,"Yan Block, TORRRES",Yo s√©,129.705,2024-05-23,76,True,5DdLSEyKh8zgCrJq2hFj92,6TKygPpVT29oGUogu4J9Ec,,SONY MUSIC,True,127.14090702947846,136.0,0,0.20423245429992676,0.013892630115151405,300,2.359586753069514
16,LOS D√çAS CONTADOS,"Quevedo, Rels B",BUENAS NOCHES,161.943,2024-11-22,67,False,0ffPRT5WW86ecgGWGf5CyY,52iwsT98xCoGgiGntTiR7K,reggaeton,DQE PRODUCTIONS,True,162.82997732426304,107.67,4,0.22520168125629425,0.041461482644081116,493,3.0276980203604
17,2AM,"Sebastian Yatra, Bad Gyal",2AM,196.426,2024-11-22,69,False,3BvR83k9fPwDZUBwFxBPpu,07YUOmWljBTXwIseAUd9TW,"colombian pop, reggaeton, latin",UNIVERSAL,True,239.362947845805,112.35,4,0.20483148097991943,0.026137566193938255,789,3.2962495118846262
18,PERREITO PA LLORAR,"Lola Indigo, Paulo Londra",PERREITO PA LLORAR,213.095,2024-11-28,63,False,3ZcUKMaqWY7jGEzAoU5mQs,3bvfu2KAve4lPHrhEFDZna,,UNIVERSAL,True,210.2102947845805,129.2,4,0.2752213478088379,0.021368468180298805,693,3.2966986736314374
19,STAR,JC Reyes,KM 33,156.0,2024-10-18,68,False,2mnehJ4xPqFe4cNi7BG2rc,0FwnPHExlRRxEZPLAi5tmG,flamenco urbano,DQE PRODUCTIONS,False,156.04975056689344,112.35,9,0.29818305373191833,0.0115828737616539,633,4.056398665813013
20,Cosas Pendientes,Maluma,Cosas Pendientes,184.462,2024-11-21,77,False,0iVEujJcafOBnxa654fJYu,1r4hJ1h58CWwUQe3MxPuau,"reggaeton, latin, urbano latino",PARIS LG LTD,False,270.09455782312926,161.5,10,0.19664695858955383,0.01869206875562668,733,2.7138643810809517
21,Imag√≠nate,"Danny Ocean, Kapo",Imag√≠nate,170.365,2024-11-07,83,False,4zbEItKoaRId1vRZkoO0Uh,5H1nN1SzW0qNeUEZvuXjAj,reggaeton,WARNER MUSIC,True,174.8463038548753,136.0,11,0.1638077199459076,0.03903992101550102,611,3.4944976618272583
22,Se Fue,"Rauw Alejandro, Laura Pausini",Se Fue,241.087,2024-11-14,62,False,57ZbyAga41GuUkzjbMNDXW,1mcTU81TzQhprhouKaTkpq,"reggaeton, urbano latino, trap latino, latin",SONY MUSIC,True,240.01310657596372,117.45,5,0.3094988465309143,0.024406829848885536,824,3.433145846721523
23,CHAPIADORA.COM,Quevedo,BUENAS NOCHES,197.418,2024-11-22,67,False,1iP7aZUNvyt2EtmpjSbtRz,52iwsT98xCoGgiGntTiR7K,reggaeton,DQE PRODUCTIONS,False,201.01519274376417,129.2,4,0.26400190591812134,0.05345379561185837,728,3.621616804496902
24,DURO,Quevedo,DURO,162.204,2024-10-31,53,False,1kyLInQ2qgYbK4wZxllfV2,52iwsT98xCoGgiGntTiR7K,reggaeton,DQE PRODUCTIONS,False,192.64439909297053,103.36,11,0.2141132354736328,0.015075639821588993,593,3.0782104374278596
25,Ohnana,Kapo,Ohnana,156.577,2024-06-06,77,False,1fTjqf10accJCDYstPwwZ6,3UTF2no3muGdiFXVujl94i,latin afrobeat,SONY MUSIC,False,156.2122902494331,143.55,3,0.26567330956459045,0.018160317093133926,558,3.572062090050722
26,Luna llena,Beny Jr,Anti Social Cool Kid,169.846,2024-02-15,68,False,6mnfGyPzbzSe8olYGM44pU,22dFwJoRBV51ue5TGnC7Dt,drill,LF BABYS,False,169.88884353741497,99.38,6,0.32169732451438904,0.014921022579073906,617,3.631786450203935
27,Ma Meilleure Ennemie (from the series Arcane League of Legends),"Stromae, Pomme, Arcane",Ma Meilleure Ennemie (from the series Arcane League of Legends),147.973,2024-11-23,79,False,4lriIG2vNqwDWzOj2I9rtj,5j4HeCoUlzhfWtjAfM1acR,french pop,RIOT GAMES,True,169.88884353741497,99.38,6,0.32169732451438904,0.014921022579073906,617,3.631786450203935
28,AMANECI√ì,"Quevedo, De La Rose, De La Ghetto",BUENAS NOCHES,255.333,2024-11-22,67,False,4DxbTPS1DUzTKzpNfCbYjy,52iwsT98xCoGgiGntTiR7K,reggaeton,DQE PRODUCTIONS,True,255.37310657596373,95.7,2,0.2881743609905243,0.030033156275749207,1135,4.444477397084023
29,+57,"KAROL G, Feid, DFZM, Ovy On The Drums, J Balvin, Maluma, Ryan Castro, Blessd",+57,298.13,2024-11-08,79,True,3mg9jYNC1NihbthlglzrWP,790FomKkXshlbRYZFtlgla,"reggaeton, latin, urbano latino",UNIVERSAL,True,301.685306122449,92.29,4,0.2942436933517456,0.03775675967335701,1095,3.6296099868899745
30,APT.,"ROS√â, Bruno Mars",APT.,169.917,2024-10-18,91,False,5vNRhkKd0yEAg8suGBpjeY,3eVa5w3URK5duf6eyVDbu9,k-pop,PARIS LG LTD,True,173.38344671201813,152.0,10,0.2740642726421356,0.0589834488928318,633,3.650867553990801
31,Die With A Smile,"Lady Gaga, Bruno Mars",Die With A Smile,251.667,2024-08-16,96,False,2plbrEY59IikOBgBGLjaoe,1HY2Jd0NmPuamShAr6KMms,"art pop, pop",WARNER MUSIC,True,252.29646258503402,161.5,1,0.1617858111858368,0.024294305592775345,682,2.703169093265185
32,UWAIE,Kapo,UWAIE,172.427,2024-08-15,79,False,5QjmUqgpPQgXgg4606DqZF,3UTF2no3muGdiFXVujl94i,latin afrobeat,DQE PRODUCTIONS,False,171.50263038548752,136.0,2,0.2409723401069641,0.028277648612856865,605,3.52764268769603
33,Me has invitado a bailar,Dani Fern√°ndez,Me has invitado a bailar,192.906,2024-08-23,63,False,0JJw1ghkoEu3Yat1uOSjAE,0CVOcYvRcSvOXyuR4YGKaC,,SONY MUSIC,False,227.0447619047619,83.35,10,0.12152700871229172,0.026023734360933304,374,1.6472522724698717
34,Qu√© Pecao,"Manuel Turizo, Kapo",Qu√© Pecao,230.073,2024-10-03,68,False,456U68M8lIymkz56Zroxh8,0tmwSHipWxN12fsoLcFU3B,"reggaeton, latin, colombian pop",DQE PRODUCTIONS,True,251.84367346938777,117.45,4,0.25447699427604675,0.03254999220371246,948,3.76423988317988
35,Nueva Era,"Duki, Myke Towers",AMERI,217.547,2024-10-31,74,True,03IpZ9yqJlo3EIgDQUgBSF,1bAftSH8umNcGZ0uyV7LMg,"argentine trap, trap, trap latino",SONY MUSIC,True,217.51301587301586,136.0,2,0.3505447804927826,0.029697496443986893,879,4.041137476173658
36,14 FEBREROS,"Quevedo, Sin Nombre",14 FEBREROS,172.422,2024-11-20,42,True,1fgnDHqIPWxN5KlnSg8SXZ,52iwsT98xCoGgiGntTiR7K,reggaeton,ETE LOMIIEL,True,176.16984126984127,89.1,11,0.26148557662963867,0.044332679361104965,410,2.3272995936461025
37,LA REINA,Lola Indigo,LA REINA,150.0,2024-06-13,65,False,06JM1fuKPQOrSL6s9mzDvV,3bvfu2KAve4lPHrhEFDZna,,NASTU MUSIC,False,152.48548752834466,129.2,1,0.25916528701782227,0.050388261675834656,669,4.387302758078164
38,LUNA,"Feid, ATL Jacob",FERXXOCALIPSIS,196.8,2023-12-01,84,False,7bywjHOc0wSjGGbj04XbVi,2LRoIwlKmHjgvigdNGBHNo,"reggaeton, urbano latino",SONY MUSIC,True,196.70789115646258,99.38,10,0.25748124718666077,0.026826081797480583,854,4.341462841064793
39,POR ATR√ÅS,Quevedo,BUENAS NOCHES,171.685,2024-11-22,61,False,7s8qhehMgdXKpixiqyFFrV,52iwsT98xCoGgiGntTiR7K,reggaeton,DQE PRODUCTIONS,False,176.2859410430839,107.67,2,0.27086931467056274,0.06010979786515236,588,3.335490036929797
40,BUENAS NOCHES,Quevedo,BUENAS NOCHES,238.883,2024-11-22,62,False,1JkI7KcMNuIBZZoWQkcveV,52iwsT98xCoGgiGntTiR7K,reggaeton,DQE PRODUCTIONS,False,243.93727891156462,103.36,0,0.29309025406837463,0.0427292138338089,886,3.632081180675974
41,ESTOY PUTIAO,"Feid, Sky Rompiendo, Dei V",LOS 9 DE FERXXO Y SKY ROMPIENDO,223.039,2024-11-29,68,True,0lhcaiGyAkmZg5RaC99ZbH,2LRoIwlKmHjgvigdNGBHNo,"reggaeton, urbano latino",SONY MUSIC,True,223.01609977324264,129.2,11,0.3224445879459381,0.03136977553367615,621,2.7845523288740934
42,All I Want for Christmas Is You,Mariah Carey,Merry Christmas,241.106,1994-10-28,74,False,0bYg9bo50gSsH3LtXe2SQn,4iHNK0tOyZPYnBU7nGAgpQ,christmas,DQE PRODUCTIONS,False,234.97437641723357,152.0,7,0.13991087675094604,0.03220903500914574,601,2.5577256940255944
43,Potra Salvaje,Isabel Aai√∫n,Potra Salvaje,199.624,2021-12-01,53,False,3YdO85gX8HaetzvHCaFIQM,5qSwpcWU98AJITpF4USeC3,flamenco,SONY MUSIC,False,206.5647619047619,136.0,9,0.2589329481124878,0.03803315386176109,495,2.3963428971889367
44,LA 125,"Quevedo, Yung Beef",LA 125,194.286,2024-11-20,38,False,69w8e4cJcI1GmRYdzLcBm8,52iwsT98xCoGgiGntTiR7K,reggaeton,DQE PRODUCTIONS,True,198.5887074829932,99.38,10,0.20249223709106445,0.05701142176985741,721,3.6306193294588276
45,Santa,"Rvssian, Rauw Alejandro, Ayra Starr",Santa,193.038,2024-04-04,72,False,5bi0gh89wRuH2OgjdAKFsb,1fctva4kpRbg2k3v7kwRuS,trap latino,SONY MUSIC,True,197.97333333333333,136.0,10,0.26826202869415283,0.012210872024297714,864,4.364224137931035
46,El √öltimo D√≠a de Nuestras Vidas,Dani Mart√≠n,El √öltimo D√≠a de Nuestras Vidas,226.626,2024-11-29,54,False,7FsLgY5IhQ1odCY8NAJBfF,3AIPhNgeF9S1Kyg9Yy3UQW,,SONY MUSIC,False,234.92793650793652,152.0,2,0.19257232546806335,0.02317887358367443,393,1.6728534113128914
47,Hm Hm Hm - Remix,"Rvfv, Youka, Wesh Music",Hm Hm Hm (Remix),181.052,2024-11-29,68,False,53OKRnaKKAT3bCkF8WIY8C,2CCgb0KApjfQDuTppovpf8,"flamenco urbano, flamenco",SONY MUSIC,True,181.04603174603176,152.0,7,0.2913956344127655,0.022379718720912933,766,4.230968183133291
48,Me Vuelves Puto Loco,Dani Mart√≠n,El √öltimo D√≠a de Nuestras Vidas,179.158,2024-11-29,54,False,5yPiHX1ph8maeqvsolo2AV,3AIPhNgeF9S1Kyg9Yy3UQW,,SONY MUSIC,False,231.36367346938775,92.29,8,0.22610518336296082,0.17375195026397705,336,1.4522590991124495
49,TE FALL√â,"Quevedo, Sech",BUENAS NOCHES,219.46,2024-11-22,60,False,2stYCm7UAyZ4srGFrI4MNX,52iwsT98xCoGgiGntTiR7K,reggaeton,DQE PRODUCTIONS,True,218.9409977324263,152.0,8,0.2564792037010193,0.02263140305876732,695,3.1743712105001833
50,NOEM√ö,Quevedo,BUENAS NOCHES,206.91,2024-11-22,60,False,5Oo9D3xJJ2sF6HWiJweV0V,52iwsT98xCoGgiGntTiR7K,reggaeton,DQE PRODUCTIONS,False,212.92702947845805,89.1,1,0.24850209057331085,0.05788175389170647,471,2.212025411492679
51,PELIGROSA,FloyyMenor,PELIGROSA,134.93,2024-07-12,75,True,5PCGEfALcpGtURIuTqvX0R,7CvTknweLr9feJtRGrpDBy,reggaeton chileno,FLOYYMENOR,False,136.7307482993197,99.38,11,0.21687893569469452,0.0226009301841259,500,3.6568219381454794
52,RAPAPA,JC Reyes,KM 33,120.888,2024-10-18,60,False,79j3Cl3AEAEhXK9cjjfd02,0FwnPHExlRRxEZPLAi5tmG,flamenco urbano,JC REYES,False,120.91795918367347,136.0,6,0.24912558495998383,0.00896270852535963,502,4.151575195190532
53,DEPORTIVO,"Blessd, Anuel AA, Ovy On The Drums",DEPORTIVO,218.701,2024-11-14,81,True,0fKK51bU6lcCCwdNnv64t3,1TA5sGRlKUJXBN4ZyJuDIX,"reggaeton, urbano latino",CIGOL MUSIC GROUP,True,218.41854875283445,184.57,2,0.2882436215877533,0.015248667448759079,784,3.5894387380404473
54,TAMBI√âN,Myke Towers,LA PANTERA NEGRA,139.546,2024-08-22,70,True,39Pc4a04VgCtcc7m0XKi9M,7iK8PXO48WeuP03g8YR51W,"reggaeton, trap latino, urbano latino",ONE WORLD MUSIC,False,139.64485260770974,161.5,4,0.21821439266204834,0.033165302127599716,719,5.14877553002125
55,FRIKI,Gonzy,FRIKI,189.066,2024-04-18,60,True,2TWX6XUqmPx44FDOmgtb0I,4ixNZvQuuzCDxBsxO9zE6L,,"VISONARE RECORDINGS, LLC",False,191.8897505668934,80.75,7,0.2847609221935272,0.029032818973064423,679,3.538490190299655
56,El Fin del Mundo,"La La Love You, Axolotes Mexicanos",El Fin del Mundo,188.093,2019-11-29,57,False,5SeYlZyKVENMOxiSPQkKyw,5Q30fhTc0Sl0Q4C5dOjhhQ,,SUBTERFUGE,True,194.08403628117915,129.2,11,0.192066490650177,0.04206611216068268,705,3.6324471270714485
57,La Bachata,Manuel Turizo,La Bachata,162.637,2022-05-26,73,False,5ww2BF9slyYgNOk37BlC4u,0tmwSHipWxN12fsoLcFU3B,"reggaeton, latin, colombian pop",SONY MUSIC,False,194.36267573696145,123.05,2,0.21714122593402863,0.0700506791472435,717,3.6889798788855117
58,Vacile,Yan Block,Vacile,140.239,2022-09-30,71,True,0w0e3Te2Rd4t8gGKi3sU6a,6TKygPpVT29oGUogu4J9Ec,,SONAR LLC,False,140.21374149659863,117.45,8,0.23468106985092163,0.005631551146507263,677,4.828342734270613
59,Celine (with Kidd Keo),"Ghost Killer Track, Kidd Keo",Celine (with Kidd Keo),176.017,2023-07-07,65,False,5ER5Fr1Cv7N3chJhAapt66,37S0GFsBW73uqxGXNFeADJ,,EMPIRE,True,174.3702947845805,143.55,3,0.27713823318481445,0.01241382583975792,743,4.261046876808418
60,Lose Control,Teddy Swims,Lose Control,210.688,2023-06-23,77,False,6usohdchdzW9oML7VC4Uhk,33qOK5uJ8AR2xuQQAhHump,,WARNER MUSIC,False,210.72113378684807,161.5,1,0.2951068580150604,0.015344200655817986,428,2.0311204306300725
61,Last Christmas,Wham!,LAST CHRISTMAS,262.96,1984-11-29,73,False,2FRnf9qhLbvw8fu4IBXx78,5lpH0xAS4fVfLkACg9DAuM,christmas,SONY MUSIC,False,278.37868480725626,107.67,9,0.17444154620170593,0.06777121126651764,784,2.8163075795218506
62,EL ESTRIBILLO,Quevedo,BUENAS NOCHES,161.444,2024-11-22,58,False,23iK2aTjEEG30dx1uuSXc9,52iwsT98xCoGgiGntTiR7K,reggaeton,DQE PRODUCTIONS,False,162.64421768707484,112.35,7,0.2533123195171356,0.02363990619778633,533,3.27709160263837
63,Manos Rotas,"DELLAFUENTE, Morad",Manos Rotas,168.594,2023-11-16,67,False,3BFh8rR6aMexy7ELu2UQy3,4bJh7sMPcVRiqe5jlnsWQV,"flamenco urbano, flamenco",MAAS,True,168.61174603174604,95.7,11,0.35524407029151917,0.006517686881124973,652,3.866871765133386
64,T√∫ Con √âl,Rauw Alejandro,Cosa Nuestra,289.131,2024-11-15,77,False,2eQFYGegTZaObk2kuBz83Z,1mcTU81TzQhprhouKaTkpq,"reggaeton, urbano latino, trap latino, latin",SONY MUSIC,False,289.1697505668934,123.05,11,0.2813320457935333,0.019555389881134033,1342,4.6408726962938545
65,Beautiful Things,Benson Boone,Beautiful Things,180.304,2024-01-18,82,False,6tNQ70jh4OwmPGpYy6R2o9,22wbnEMDvgVIAGdFeek6ET,,WARNER MUSIC,False,192.60956916099772,107.67,5,0.1833859533071518,0.01631573960185051,431,2.237687368687988
66,X'CLUSIVO,Gonzy,X'CLUSIVO,175.586,2023-12-01,48,True,0T0Oo2aVRt5a39D3ObeWwm,4ixNZvQuuzCDxBsxO9zE6L,,"VISONARE RECORDINGS, LLC",False,187.64802721088435,143.55,1,0.22310177981853485,0.09043564647436142,652,3.47459021920472
67,That‚Äôs So True,Gracie Abrams,The Secret of Us (Deluxe),166.3,2024-10-18,91,True,7ne4VBA60CxGM75vw0EYad,4tuJ0bMpJh08umKkEXKUI5,,UNIVERSAL,False,166.30013605442176,107.67,8,0.31983324885368347,0.024389484897255898,493,2.964519522934519
68,BIRDS OF A FEATHER,Billie Eilish,HIT ME HARD AND SOFT,210.373,2024-05-17,93,False,6dOtVTDdiauQNBQEDOtlAB,6qqNVTkY8uBg9cP3Jd7DAH,,UNIVERSAL,False,230.79478458049886,103.36,2,0.24079307913780212,0.0966159775853157,835,3.617932708131715
69,CARITA TRISTE,"Ana Mena, Emilia",CARITA TRISTE,175.296,2024-08-30,65,False,2mYlSgPvC5Np4mDg9DU5Mc,6k8mwkKJKKjBILo7ypBspl,,SONY MUSIC,True,191.56467120181406,123.05,6,0.26136314868927,0.053997404873371124,743,3.8785857295014843
70,BADGYAL,"SAIKO, JC Reyes, Dei V",SAKURA,253.962,2024-04-26,67,True,3ng8tfwvzR4BBwa9yaMms6,2O8vbr4RYPpk6MRA4fio7u,,SBM RECORDS,True,251.7972335600907,129.2,2,0.38457417488098145,0.02986091375350952,1032,4.0985358949693
71,capaz (merengueton),"Alleh, Yorghaki",capaz (merengueton),173.858,2024-11-20,80,False,3QbfCvCAOCrSGNcGjtOjYM,3DeOmVSmpv7WknXoo1OS8p,,CONMUER LLC,True,179.51351473922904,129.2,10,0.29262420535087585,0.05078721046447754,805,4.48434203502386
72,Bailando Bachata,Chayanne,Bailando Bachata,170.809,2023-05-25,67,False,0nKu6ysQjldXxABnxMu7kL,1JbemQ1fPt2YmSLjAFhPBv,latin pop,SONY MUSIC,False,195.58172335600906,129.2,10,0.24281837046146393,0.023149175569415092,794,4.059684035786492
73,El Merengue,"Marshmello, Manuel Turizo",El Merengue,189.668,2023-03-03,69,False,51FvjPEGKq2zByeeEQ43V9,64KEffDW9EtZ1y2vBYgq8T,edm,SONY MUSIC,True,218.05863945578233,123.05,11,0.2284877598285675,0.031493086367845535,859,3.9393073447758855
74,Novedades Viernes,Dani Mart√≠n,El √öltimo D√≠a de Nuestras Vidas,188.133,2024-11-29,49,False,6RbMRMNVsdhzdKLHgGXJxQ,3AIPhNgeF9S1Kyg9Yy3UQW,,SONY MUSIC,False,197.4857596371882,92.29,10,0.2981840968132019,0.04424156993627548,566,2.8660294344251924
75,Rapido (with Cris Mj),"Dei V, Cris Mj",Qui√©n es Dei V?,146.0,2024-06-14,68,True,1emJPywtseFLmLCcPY92dW,2YRyPiW98bpkARAS4B3OQP,"trap latino, urbano latino",UNDER WATER MUSIC / ENCORE RECORDINGS,True,145.36897959183673,95.7,9,0.2606784701347351,0.015384371392428875,603,4.148065162822824
76,Lo Que Tiene,"Morad, Beny Jr, Rvfv",Lo Que Tiene,259.2,2024-03-08,70,False,6RqD0fpAaKEZvQd0QrTj7j,4az97MtWmBQ5Db3GfDh9j9,drill,ONE WORLD MUSIC,True,259.2043990929705,99.38,0,0.3078395128250122,0.017410296946763992,1086,4.1897437072836
77,Gata Only,"FloyyMenor, Cris Mj",Gata Only,222.0,2024-02-02,82,True,6XjDF6nds4DE2BBbagZol6,7CvTknweLr9feJtRGrpDBy,reggaeton chileno,FLOYYMENOR,True,215.78308390022676,99.38,11,0.24208442866802216,0.010854152962565422,763,3.5359583624858844
78,Martini,Dei V,Martini,164.365,2024-04-25,57,True,5tikPg9QkVfGtstjTUb5dB,2YRyPiW98bpkARAS4B3OQP,"trap latino, urbano latino",MUSIC / ENCORE RECORDINGS,False,165.62798185941043,103.36,9,0.23018480837345123,0.0159363504499197,642,3.876156630012839
79,En Otra Vida,"Yami Safdie, Lasso",En Otra Vida,153.609,2024-10-10,73,False,0EhmTBq33eARyOz3SIi4P2,4RWJOoYwgF978LOn8Fainp,,SONY MUSIC,True,164.04902494331066,95.7,0,0.19276605546474457,0.07955289632081985,374,2.279806296497286
80,LA FALDA,Myke Towers,LVEU: VIVE LA TUYA...NO LA MIA,174.229,2023-09-18,76,True,7iUtQNMRB8ZkKC4AmEuCJC,7iK8PXO48WeuP03g8YR51W,"reggaeton, trap latino, urbano latino",SONY MUSIC,False,227.35823129251702,103.36,11,0.16330192983150482,0.013355336152017117,637,2.8017459336250803
81,Goteras,"Omar Montes, JC Reyes",Goteras,216.45,2024-06-27,63,False,4sykJxUsqdXZRqRv1J9fEQ,3lY9Fxceu60W1rbon7PkuF,"flamenco, flamenco urbano, flamenco pop",SONY MUSIC,True,220.0439455782313,95.7,6,0.32224035263061523,0.03627817705273628,939,4.267329407916662
82,Carpe Diem,Dani Mart√≠n,El √öltimo D√≠a de Nuestras Vidas,240.016,2024-11-29,49,False,4l7qXzZrZnr2RUgSVSKtnD,3AIPhNgeF9S1Kyg9Yy3UQW,,SONY MUSIC,False,245.76,143.55,7,0.2262536883354187,0.025199437513947487,323,1.3142903645833335
83,1000COSAS,"Lola Indigo, Manuel Turizo",1000COSAS,239.482,2024-03-07,64,False,6xqQDwzjswlToEEHgvA3KM,3bvfu2KAve4lPHrhEFDZna,,UNIVERSAL,True,240.7677551020408,129.2,4,0.29393500089645386,0.02280992642045021,1039,4.315361911978857
84,Mi Luz (ft. Rels B),"Rvfv, Rels B",NASTU,168.0,2022-01-28,70,False,0TkIQ2I48rz4kpk1XpfyHq,2CCgb0KApjfQDuTppovpf8,"flamenco urbano, flamenco",NASTU MUSIC,True,168.03124716553287,99.38,10,0.23509642481803894,0.014903546310961246,674,4.01115870630908
85,Algo Sencillito,Marta Santos,Poquito a Poquito,177.338,2023-10-05,66,False,3bE8SznOXJ990MK1ElQnfr,2NeFajzkAQ4UfviWdzf0pK,"flamenco, flamenco pop, flamenco urbano",SOUND BLASTER RECORDS,False,177.6094784580499,92.29,2,0.221511572599411,0.021232375875115395,822,4.628131376412721
86,HAY LUPITA,Lomiiel,HAY LUPITA,105.836,2024-03-28,72,False,5jFA0f4ZDGLbQP4nxzL8D4,2rMFPjySMqkgBajkLKL6zo,dembow,SONY MUSIC,False,105.85981859410431,143.55,0,0.20963452756404877,0.03783790022134781,518,4.893263628064154
87,VAGABUNDO,"Sebastian Yatra, Manuel Turizo, Be√©le",VAGABUNDO,215.6,2023-05-12,74,False,1MB8kTH7VKvAMfL9SHgJmG,07YUOmWljBTXwIseAUd9TW,"colombian pop, reggaeton, latin",SONY MUSIC,True,218.0934693877551,129.2,2,0.3313961625099182,0.04528464749455452,978,4.484315842860859
88,SE ME OLVIDA,"Maisak, Feid",SE ME OLVIDA,225.373,2024-08-23,77,True,2gmd7lY3QSzLh0xIY4cRvi,6B1hSmaLdOvChinK2Z7gfi,reggaeton,UNIVERSAL,True,228.48439909297053,161.5,9,0.2497590035200119,0.0371834971010685,826,3.61512647375062
89,AMARGURA,KAROL G,MA√ëANA SER√Å BONITO,170.48,2023-02-24,78,True,505v13epFXodT9fVAJ6h8k,790FomKkXshlbRYZFtlgla,"reggaeton, latin, urbano latino",UNIVERSAL,False,169.50571428571428,107.67,1,0.26902759075164795,0.020060105249285698,589,3.4748091088374604
90,ADIVINO,"Myke Towers, Bad Bunny",ADIVINO,278.644,2024-04-25,69,True,0LZy30mVmxqUpdQmaXKXBd,7iK8PXO48WeuP03g8YR51W,"reggaeton, trap latino, urbano latino",ONE WORLD MUSIC,True,276.66580498866216,117.45,5,0.3056544065475464,0.016742318868637085,940,3.397600943269883
91,¬øC√≥mo Pas√≥?,Ela Taubert,¬øC√≥mo Pas√≥?,174.546,2024-02-14,70,False,7slBlaUuSCgADZBuTQDYBB,5xS8cfsAaFyy188dNJGDbM,colombian pop,UNIVERSAL,False,185.44621315192742,117.45,6,0.2776661217212677,0.027807291597127914,672,3.62369222093234
92,Como Camar√≥n,Estopa,Estopa,202.026,1999-10-18,63,False,1VB4sadHjFcFklHcZuoROi,5ZqnEfVdEGmoPxtELhN7ai,"flamenco, flamenco pop",SONY MUSIC,False,207.72575963718822,143.55,7,0.09861785173416138,0.013890434056520462,638,3.071357163956577
93,Frente al Mar,Be√©le,Frente al Mar,165.178,2024-09-26,76,False,60u6hcpH5Qm1M3xESdNBrB,7a0XAaPaK2aDSqa8p3QnC7,reggaeton,DQE PRODUCTIONS,False,168.6814058956916,136.0,0,0.2902953624725342,0.039393432438373566,646,3.829704860294266
94,Despu√©s De La 1,"Cris Mj, FloyyMenor, LOUKI",MJ,177.6,2024-09-12,78,True,6PhRhocBXP4y7NpciGmzra,1Yj5Xey7kTwvZla8sqdsdE,"reggaeton chileno, chilean trap, chilean mambo, reggaeton",SONY MUSIC,True,178.6775963718821,99.38,11,0.18553785979747772,0.01358876470476389,537,3.0054131626124
95,P√©gate,Standly,P√©gate,186.096,2022-01-03,71,False,3E8xyYdIPpiH2wNEozE68I,0rjms710nwQTdrQheXHJfz,"reggaeton chileno, chilean trap, chilean mambo, mambo, rkt, reggaeton",SONY MUSIC,False,183.5073469387755,99.38,9,0.24164296686649323,0.026204032823443413,775,4.223264152244363
96,Revol√∫,"Rauw Alejandro, Feid",Revol√∫,215.511,2024-11-14,56,True,0Fpw7AgVXI9Nql2vLbJAhP,1mcTU81TzQhprhouKaTkpq,"reggaeton, urbano latino, trap latino, latin",SONY MUSIC,True,215.5160544217687,99.38,8,0.29708680510520935,0.02182454988360405,776,3.6006598305727815
97,Orgullosa De Pap√°,"Cano, Rvfv",Orgullosa De Pap√°,174.174,2024-09-26,49,False,3lLIUWnUhRTsd5FmG2jRJT,60ZOYUFnCYEeKYsxgvPxOS,"flamenco urbano, flamenco",RABAT MUSIC SL,True,190.12503401360544,136.0,0,0.24580982327461243,0.10443229228258133,717,3.7712024811455978
98,Columbia,Quevedo,Columbia,186.0,2023-07-07,76,False,6XbtvPmIpyCbjuT0e8cQtp,52iwsT98xCoGgiGntTiR7K,reggaeton,TASTE THE FLOOR RECORDS,False,205.3108843537415,99.38,5,0.2729341387748718,0.02334011159837246,606,2.9516214004314016
99,QLONA,"KAROL G, Peso Pluma",MA√ëANA SER√Å BONITO (BICHOTA SEASON),172.797,2023-08-11,67,True,3XB5uhhlYSnkxpSihkNQwh,790FomKkXshlbRYZFtlgla,"reggaeton, latin, urbano latino",UNIVERSAL,True,172.84938775510204,172.27,10,0.23191362619400024,0.017510976642370224,620,3.5869377846940003
